"Assay","R.squared","Slope","Intercept","Low.95","LOD","LOQ","rep2.LOD","rep3.LOD","rep4.LOD","rep5.LOD","rep8.LOD"
"Bact",0.998716037638158,-3.59896879790476,39.2226410266011,37.1,18.5687012844187,18.5687012844187,17.0462584382629,16.5100395829341,16.2190431547775,16.0299737952644,15.7080146355205
