"Estimate","Std..Error","Lower","Upper","LoD","Assay"
18.5687012844187,0.499773464786314,17.5569627990272,19.5804397698102,"1rep.LOD","Bact"
17.0462584382629,0.512925976692589,16.0078940845276,18.0846227919982,"2rep.LOD","Bact"
16.5100395829341,0.516447355959132,15.4645465695627,17.5555325963056,"3rep.LOD","Bact"
16.2190431547775,0.51810152064406,15.1702014600717,17.2678848494832,"4rep.LOD","Bact"
16.0299737952644,0.519076957031578,14.9791574328285,17.0807901577003,"5rep.LOD","Bact"
15.7080146355205,0.520554286946835,14.654207575026,16.7618216960151,"8rep.LOD","Bact"
